"Name","Seasons","Average corrVOL","Average wRC+"
"Alfredo Amezaga",3,98.5,77
"Garret Anderson",15,100.1,101
"David Eckstein",9,99.4,92
"Darin Erstad",10,99.3,97
"Jorge Fabregas",1,104.4,66
"Brad Fullmer",4,100.3,111
"Benji Gil",3,100.1,56
"Troy Glaus",9,104.1,122
"Adam Kennedy",11,101.2,90
"Bengie Molina",9,101.7,86
"Jose Molina",2,98.1,65
"Orlando Palmeiro",8,96,89
"Tim Salmon",9,101.3,135
"Scott Spiezio",8,100.5,96
"Rod Barajas",5,100.7,79
"Danny Bautista",2,98.9,90
"Jay Bell",12,101.3,106
"Alex Cintron",3,102.9,84
"Greg Colbrunn",3,99.7,109
"Craig Counsell",11,99.1,82
"Steve Finley",16,102.6,105
"Luis Gonzalez",18,100.6,118
"Mark Grace",15,96.3,121
"Jose Guillen",8,101.2,106
"Damian Miller",6,100,89
"Chad Moeller",1,99.2,45
"Junior Spivey",2,101.2,111
"Matt Williams",10,101.1,114
"Tony Womack",9,100.8,73
"Ernie Young",1,103.4,92
"Henry Blanco",2,102.2,59
"Darren Bragg",5,98.1,92
"Vinny Castilla",11,102.6,96
"Julio Franco",17,96.7,114
"Rafael Furcal",9,100.8,98
"Marcus Giles",5,100.1,109
"Wes Helms",6,99.5,90
"Andruw Jones",12,102.8,115
"Chipper Jones",17,100.7,142
"Ryan Langerhans",3,99.9,85
"Javy Lopez",9,101.2,115
"Gary Sheffield",16,100.1,145
"B.J. Surhoff",15,100,96
"Chad Allen",1,100.8,82
"Alex Arias",1,95.8,96
"Tony Batista",7,103.6,91
"Larry Bigbie",1,100.3,102
"Mike Bordick",11,98.1,85
"Jeff Conine",14,101,109
"Marty Cordova",7,101.6,105
"Brook Fordyce",2,96.7,92
"Jay Gibbons",3,102.2,110
"Geronimo Gil",1,99.4,67
"Jerry Hairston",7,99.7,83
"Luis Matos",2,99.6,106
"Gary Matthews Jr.",8,101,95
"Ryan McGuire",1,100.1,48
"Melvin Mora",10,100.2,106
"Chris Richard",1,97.7,105
"Brian Roberts",7,98,109
"David Segui",7,96.9,117
"Chris Singleton",5,101.1,85
"Carlos Baerga",10,101,102
"Tony Clark",10,101.7,116
"Johnny Damon",16,100.7,106
"Brian Daubach",4,102.9,111
"Nomar Garciaparra",8,101.6,129
"Rickey Henderson",20,94.3,134
"Shea Hillenbrand",6,101.7,97
"Trot Nixon",7,101.7,118
"Jose Offerman",10,99.3,101
"Manny Ramirez",15,100.9,155
"Will Venable",6,102,101
"Rey Sanchez",9,99,67
"Jason Varitek",10,102.3,100
"Sandy Alomar Jr.",4,100,93
"Joe Borchard",1,101.1,84
"Royce Clayton",14,100.7,77
"Joe Crede",4,100.2,93
"Ray Durham",14,99.8,105
"Tony Graffanino",3,103,91
"Willie Harris",6,101.9,92
"Paul Konerko",15,101.5,121
"Carlos Lee",14,100.3,112
"Kenny Lofton",15,99.1,111
"Magglio Ordonez",10,100.5,130
"Aaron Rowand",9,99.9,99
"Frank Thomas",14,98,156
"Jose Valentin",10,103.5,97
"Moises Alou",12,102.5,130
"Mark Bellhorn",3,98,113
"Roosevelt Brown",1,100.3,67
"Hee Seop Choi",2,102.1,112
"Delino DeShields",10,96.9,103
"Joe Girardi",5,101.9,72
"Alex Gonzalez",9,100.1,80
"Bobby Hill",1,95.4,85
"Todd Hundley",5,103,101
"Darren Lewis",6,99.7,76
"Fred McGriff",16,101,136
"Bill Mueller",8,99.1,111
"Augie Ojeda",2,102.1,75
"Corey Patterson",7,103.2,74
"Sammy Sosa",16,103.9,125
"Chris Stynes",3,100.1,93
"Aaron Boone",7,103.4,92
"Ben Broussard",4,102.8,109
"Sean Casey",9,100.2,109
"Juan Castro",3,101.5,66
"Adam Dunn",13,102.1,122
"Juan Encarnacion",8,102.3,94
"Ken Griffey Jr.",17,101.9,134
"Austin Kearns",5,100.8,113
"Barry Larkin",13,98.7,118
"Jason LaRue",5,101.7,92
"Wily Mo Pena",2,107.2,104
"Reggie Taylor",2,99.1,72
"Todd Walker",8,101.8,102
"Brady Anderson",11,99.7,117
"Bruce Aven",1,97.6,111
"Milton Bradley",4,97.3,130
"Russell Branyan",4,103.1,115
"Ellis Burks",13,100.1,126
"Jolbert Cabrera",3,99.5,88
"Einar Diaz",4,96.5,70
"Todd Dunwoody",1,103.1,79
"Travis Fryman",10,101.6,105
"Ricky Gutierrez",4,98.5,92
"Matt Lawton",8,100.9,108
"Chris Magruder",1,91.5,48
"Victor Martinez",11,99.7,124
"John McDonald",2,99.9,54
"Eddie Perez",1,101,84
"Jim Thome",15,100.7,151
"Omar Vizquel",17,98.4,87
"Benny Agbayani",1,100.9,127
"Brent Butler",1,103.6,61
"Todd Helton",14,98.1,135
"Todd Hollandsworth",5,103.5,93
"Juan Pierre",13,99.1,86
"Terry Shumpert",4,99.1,71
"Juan Uribe",11,100.9,90
"Larry Walker",13,98.5,143
"Todd Zeile",15,101,104
"Jacob Cruz",1,91.3,90
"Damion Easley",8,102.8,95
"Robert Fick",4,102.9,100
"Shane Halter",3,102,91
"Bobby Higginson",10,101.6,112
"Brandon Inge",9,100.1,87
"Damian Jackson",5,98.9,83
"Ryan Jackson",1,100.2,82
"Jose Macias",4,99,73
"Mitch Meluskey",1,99.4,119
"Eric Munson",1,104.3,89
"Dean Palmer",7,102.4,108
"Craig Paquette",4,102.3,82
"Randall Simon",2,102.4,98
"Matt Walbeck",3,100.7,65
"Dmitri Young",9,101.4,114
"Luis Castillo",10,96.6,102
"Cliff Floyd",9,99.5,125
"Alex Gonzalez",11,100,78
"Charles Johnson",8,102.8,97
"Derrek Lee",12,102,126
"Mike Lowell",10,101.1,110
"Kevin Millar",10,99.8,114
"Abraham Nunez",1,100,59
"Eric Owens",5,99.8,82
"Mark Smith",1,99.5,75
"Preston Wilson",7,102.9,106
"Brad Ausmus",13,100.1,76
"Jeff Bagwell",14,100.2,150
"Lance Berkman",12,99.3,147
"Craig Biggio",19,99.2,116
"Geoff Blum",10,102,79
"Morgan Ensberg",5,99.9,120
"Richard Hidalgo",6,104.1,114
"Brian Hunter",4,101.3,69
"Julio Lugo",7,101.3,91
"Jose Vizcaino",9,100.8,81
"Daryle Ward",3,100.8,89
"Gregg Zaun",4,100,88
"Luis Alicea",7,99.3,95
"Carlos Beltran",15,101.8,123
"Angel Berroa",4,101,77
"Dee Brown",1,101.2,56
"Mike Caruso",2,98.5,67
"Carlos Febles",2,100.7,84
"Ken Harvey",2,101.5,87
"A.J. Hinch",1,103.4,67
"Raul Ibanez",13,101.3,115
"Chuck Knoblauch",11,96.6,112
"Brent Mayne",6,101.6,74
"Neifi Perez",9,102.6,58
"Mark Quinn",2,103,95
"Joe Randa",10,102.1,96
"Brandon Barnes",3,99.7,74
"Mike Sweeney",7,100.2,128
"Michael Tucker",10,102.2,97
"Adrian Beltre",18,101.8,116
"Shawn Green",13,102.1,119
"Marquis Grissom",14,101.5,94
"Mark Grudzielanek",11,100.2,92
"Cesar Izturis",8,99.3,63
"Brian Jordan",7,101.6,113
"Eric Karros",12,100.5,109
"Chad Kreuter",1,99.9,127
"Paul Lo Duca",7,100.9,100
"Dave Roberts",6,99,95
"Joe Thurston",1,99.8,72
"Ronnie Belliard",10,102.4,95
"Jeffrey Hammonds",4,104,106
"Jose Hernandez",8,102.1,87
"Tyler Houston",2,103.2,83
"Geoff Jenkins",9,101.4,114
"Luis Lopez",1,103.7,74
"J.P. Arencibia",3,102.7,77
"Alex Ochoa",5,100.6,102
"Alex Sanchez",2,102.4,84
"Richie Sexson",8,103.5,120
"Eric Young",11,99.7,95
"Casey Blake",8,101.4,107
"Brian Buchanan",1,102.6,114
"Jay Canizaro",1,106.1,79
"Cristian Guzman",10,100.4,76
"Denny Hocking",5,102.4,78
"Torii Hunter",15,101.1,111
"Jacque Jones",8,100.9,100
"Bobby Kielty",3,98.9,111
"Corey Koskie",6,99,117
"Doug Mientkiewicz",6,97.9,103
"Dustan Mohr",3,100.4,101
"David Ortiz",15,102.5,142
"A.J. Pierzynski",15,100.7,93
"Luis Rivas",3,97.4,79
"Michael Barrett",7,100.3,94
"Peter Bergeron",2,103.1,59
"Orlando Cabrera",13,99.7,83
"Endy Chavez",4,101.7,76
"Wil Cordero",6,101.8,98
"Vladimir Guerrero",14,100.8,137
"Todd Frazier",5,100.4,111
"Troy O'Leary",7,101.2,98
"Brandon Phillips",12,100.1,96
"Brian Schneider",6,100.2,79
"Lee Stevens",7,104.4,96
"Fernando Tatis",4,100.1,108
"Chris Truby",1,99.6,41
"Jose Vidro",8,98.4,116
"Brad Wilkerson",6,103,109
"Ron Coomer",5,103.6,82
"Jason Giambi",12,100.5,149
"Derek Jeter",18,96.6,120
"Nick Johnson",4,99.4,131
"Jorge Posada",13,101.1,125
"Juan Rivera",7,100.8,105
"Alfonso Soriano",13,103,113
"Shane Spencer",1,97.4,90
"John Vander Wal",7,99.2,113
"Robin Ventura",14,101.1,114
"Rondell White",6,100.6,106
"Bernie Williams",14,99.2,127
"Enrique Wilson",1,104.4,66
"Edgardo Alfonzo",10,100,111
"Roberto Alomar",16,98.8,118
"Jeromy Burnitz",10,103.4,110
"Roger Cedeno",4,100.4,93
"Joe McEwing",4,98.4,77
"Rey Ordonez",6,97.4,54
"Jay Payton",8,101.7,94
"Timo Perez",3,100.5,82
"Jason Phillips",3,99.4,84
"Mike Piazza",13,101,144
"Mo Vaughn",10,100.7,132
"Eric Byrnes",5,100.4,100
"Eric Chavez",9,100.9,118
"Jermaine Dye",10,100.6,118
"Jeremy Giambi",3,101.2,126
"Brennan Boesch",3,102.2,96
"Scott Hatteberg",8,101.2,107
"Ramon Hernandez",8,102.5,95
"David Justice",12,100.6,130
"Terrence Long",6,99.5,89
"Frank Menechino",1,100.4,106
"Greg Myers",3,102.1,100
"Carlos Pena",9,101.2,121
"Olmedo Saenz",3,102,103
"Larry Sutton",1,104.6,69
"Miguel Tejada",13,102,109
"Randy Velarde",5,99,108
"Bobby Abreu",15,99.3,131
"Marlon Anderson",7,101,85
"Pat Burrell",11,101.1,117
"Marlon Byrd",10,99.1,106
"Johnny Estrada",4,102.2,89
"Doug Glanville",6,100,82
"Matt Downs",1,100.5,138
"Travis Lee",8,101,95
"Mike Lieberthal",7,102.7,107
"Tomas Perez",1,101,75
"Scott Rolen",13,99,126
"Jimmy Rollins",14,102,96
"Mike Benjamin",3,97.7,57
"Adrian Brown",1,101.2,89
"Brian Giles",12,99.3,138
"Chad Hermansen",1,102.8,70
"Jason Kendall",14,97.9,97
"Rob Mackowiak",5,103,93
"Aramis Ramirez",13,102,118
"Tike Redman",2,99.4,71
"Pokey Reese",5,102.8,71
"Armando Rios",1,101.3,111
"Craig Wilson",4,103.5,113
"Jack Wilson",8,100.2,77
"Kevin Young",6,100.5,96
"Sean Burroughs",2,100.1,100
"Deivi Cruz",9,98.6,75
"Ron Gant",12,102.1,117
"D'Angelo Jimenez",3,101.7,96
"Ryan Klesko",12,99,127
"Mark Kotsay",13,99.9,98
"Tom Lampkin",2,104,84
"Ray Lankford",11,101.2,125
"Phil Nevin",7,102.1,120
"Bubba Trammell",3,104.3,107
"Ramon Vazquez",5,100.3,89
"Willie Bloomquist",2,102.8,71
"Bret Boone",11,101.9,104
"Pat Borders",4,99.4,86
"Mike Cameron",12,101.3,108
"Jeff Cirillo",9,98.1,108
"Ben Davis",1,103.9,89
"Carlos Guillen",7,99.5,116
"Edgar Martinez",12,96.8,152
"Mark McLemore",10,99.6,91
"John Olerud",15,99.3,131
"Scott Podsednik",6,99.7,92
"Desi Relaford",6,101.5,78
"Ruben Sierra",14,101.4,103
"Ichiro Suzuki",16,99.3,105
"Dan Wilson",7,100.9,88
"Rich Aurilia",10,101.1,103
"David Bell",8,101.4,92
"Barry Bonds",21,100.9,173
"Pedro Feliz",7,100.9,78
"Tom Goodwin",7,101.3,75
"Jeff Kent",16,100.5,123
"Ramon Martinez",3,100,77
"Reggie Sanders",11,101.2,117
"Benito Santiago",12,100.7,91
"Tsuyoshi Shinjo",2,101.6,84
"J.T. Snow",11,100.6,109
"Yorvit Torrealba",2,100.2,80
"Rick Ankiel",3,100.5,93
"J.D. Drew",11,99.8,129
"Jim Edmonds",13,100.2,136
"Andrew Romine",2,100.3,71
"Eli Marrero",2,102.2,68
"Al Martin",8,99.1,102
"Tino Martinez",13,102.9,112
"Mike Matheny",9,99.5,63
"Placido Polanco",13,99.2,99
"Albert Pujols",15,100.3,155
"Edgar Renteria",14,100.1,96
"Kerry Robinson",3,97.3,68
"So Taguchi",4,98.6,90
"Fernando Vina",5,100.4,99
"Chris Johnson",5,99.1,96
"Brent Abernathy",1,103.2,60
"Emil Brown",4,98,96
"Steve Cox",3,100.9,100
"Carl Crawford",11,100.8,107
"John Flaherty",5,101.5,81
"Ryan Freel",3,100.3,100
"Chris Gomez",6,100.2,84
"Ben Grieve",6,100.5,114
"Toby Hall",3,99.3,76
"Aubrey Huff",11,102.2,112
"Damian Rolls",1,103,76
"Jared Sandberg",1,106.6,96
"Jason Tyner",2,104,76
"Greg Vaughn",11,101.6,114
"Randy Winn",11,101.7,102
"Frank Catalanotto",6,99.9,115
"Carl Everett",8,102.6,115
"Juan Gonzalez",10,102.6,133
"Rusty Greer",6,97.9,122
"Gabe Kapler",6,100,91
"Mike Lamb",6,103.2,97
"Ryan Ludwick",7,102.8,114
"Kevin Mench",5,103.2,99
"Rafael Palmeiro",18,101.3,130
"Herbert Perry",2,98.9,107
"Alex Rodriguez",17,103.2,145
"Ivan Rodriguez",17,101.3,104
"Mark Teixeira",13,102,127
"Michael Young",13,99.9,104
"Dave Berg",2,100.8,87
"Jose Cruz",9,102.4,104
"Carlos Delgado",13,102.8,137
"Darrin Fletcher",7,100.5,93
"Eric Hinske",8,101.9,102
"Orlando Hudson",9,98.6,100
"Felipe Lopez",6,101.8,97
"Raul Mondesi",9,101.8,115
"Josh Phelps",2,97.7,104
"Shannon Stewart",8,98.9,109
"Vernon Wells",11,102.3,104
"Jayson Werth",8,100.2,125
"Chris Woodward",1,99.7,84
"John Valentin",7,101.6,109
"Mark Johnson",1,95.2,114
"Quinton McCracken",6,97.1,82
"Wilton Guerrero",5,98.9,74
"Andy Fox",2,100.6,92
"Keith Lockhart",5,100.9,73
"John Mabry",7,100.9,89
"Marvin Benard",5,103.4,101
"Mark Loretta",12,98.9,102
"Matt Stairs",12,101.4,117
"Alex Cora",5,101.6,80
"Greg Norton",6,101.8,92
"Andres Galarraga",16,100.6,119
"Dave Hollins",5,100.7,114
"Mark DeRosa",6,101.2,100
"Orlando Merced",8,98.5,110
"Lenny Harris",11,98.7,85
"Gerald Williams",5,101.9,85
"Jason Lane",3,99.5,101
"Brady Clark",4,98.1,100
"Jason Michaels",7,99.6,95
"Shawon Dunston",8,99.2,87
"David Dellucci",6,102.9,105
"Dave Hansen",2,98.6,76
"Tim Raines",15,96.9,127
"Ricky Ledee",4,101,91
"Mark Sweeney",6,95.7,101
"Eduardo Perez",2,103.4,113
"Miguel Cairo",8,99.8,79
"Erubiel Durazo",2,99.3,125
"Ramon Santiago",3,97.9,74
"Hank Blalock",5,105.3,99
"Abraham Nunez",7,100.9,67
"Warren Morris",2,100.2,88
"Homer Bush",1,97.2,97
"Henry Rodriguez",5,103.5,116
"Nick Punto",5,99.3,75
"Adam Everett",5,98,70
"Wilson Ramos",3,99.9,99
"Lou Collier",1,95.3,69
"Jeff DaVanon",3,101.8,106
"Mark Ellis",10,101.4,94
"Esteban German",2,95.8,113
"Matthew LeCroy",2,100.4,116
"Henry Mateo",1,99.1,52
"Craig Monroe",5,99.7,94
"Tony Tarasco",1,105.3,88
"Andres Torres",4,101.3,100
"Ty Wigginton",9,102.3,98
"Bobby Smith",1,100.5,99
"Matt Franco",4,95.2,87
"Keith Ginter",2,100.2,106
"Nick Green",2,101.5,79
"Marcus Thames",2,100.4,116
"Michael Cuddyer",10,100.4,113
"Karim Garcia",1,103.1,59
"Ross Gload",4,98.5,91
"Chris Widger",2,101.7,82
"Ruben Rivera",3,104.4,83
"David Ross",1,102.1,63
"Raul Gonzalez",1,99.9,75
"DeWayne Wise",1,102.6,91
"Marco Scutaro",10,98.1,97
"Jack Cust",4,99.9,129
"Coco Crisp",10,102,100
"Travis Hafner",5,100.5,149
"Josh Bard",2,100.9,123
"Chone Figgins",7,98.7,101
"Shane Andrews",3,103.2,84
"Jamey Carroll",9,99.2,89
"Ryan Christenson",1,100,82
"Jason Grabowski",1,99.8,79
"Bill Hall",7,103.9,94
"Omar Infante",8,99,87
"Felix Jose",4,101,105
"Kevin Orie",2,102.5,84
"Lyle Overbay",10,101,106
"Freddy Sanchez",6,100.9,98
"Eric Valent",1,102,110
"Miguel Olivo",6,100.3,80
"Ron Calloway",1,101.5,65
"Rocco Baldelli",2,97.1,95
"Xavier Nady",6,100.9,104
"Hideki Matsui",7,100.8,121
"Shane Victorino",8,100.4,108
"Chase Utley",11,99.5,123
"Jody Gerut",4,99.6,105
"Gerald Laird",2,100.8,62
"Reed Johnson",9,98.1,99
"Jason Ellison",2,96.2,72
"Jason Bay",7,100.8,127
"Tripp Cromer",1,102.5,51
"Lew Ford",3,100.1,98
"Jose Reyes",9,101,106
"Justin Morneau",8,102.4,117
"Jhonny Peralta",11,99,105
"Miguel Cabrera",13,101,155
"Eric Bruntlett",1,100.3,55
"Cody Ross",6,102.9,103
"Laynce Nix",3,104.1,90
"Matt Diaz",4,100.7,116
"Garrett Atkins",5,101.2,104
"Todd Linden",1,95.9,68
"Bobby Crosby",2,103.5,84
"David DeJesus",9,99.8,103
"Khalil Greene",5,102.7,94
"Clint Barmes",7,99.5,69
"Lance Niekro",1,105.8,92
"Luis Sojo",3,98.8,85
"Aaron Miles",5,99.6,81
"Jonny Gomes",7,103.1,105
"Rickie Weeks Jr.",8,101.5,110
"Kaz Matsui",3,100.3,83
"Joe Mauer",11,97.8,126
"Luis Gonzalez",2,98.6,90
"Wilson Betemit",4,101.2,103
"Wilson Valdez",1,93.7,75
"Jose Castillo",4,101.2,74
"Darnell McDonald",1,97.2,104
"Matt Holliday",12,100.9,137
"Hector Luna",1,95.2,95
"Josh Hamilton",5,99.6,135
"Willy Taveras",4,100,65
"Terrmel Sledge",2,103,95
"Brad Hawpe",6,100.9,116
"Jose Bautista",10,101.1,134
"Chad Tracy",3,99.9,105
"Chris Shelton",2,103.5,120
"Adam LaRoche",11,103.7,111
"Andres Blanco",1,95.4,138
"Adrian Gonzalez",11,102.3,132
"Damon Hollins",2,99.9,82
"Scott Hairston",6,103.6,99
"Midre Cummings",1,102.2,92
"Casey Kotchman",6,99.7,97
"Kevin Youkilis",7,96.4,130
"Cory Sullivan",2,103.8,78
"Corey Hart",6,99.5,119
"Desmond Jennings",3,99.7,104
"John Buck",8,99.7,85
"Jeff Baker",1,107.4,94
"Andy Phillips",1,102.9,71
"Nook Logan",2,99.8,71
"Alex Rios",12,99.9,98
"Josh Wilson",2,100.6,64
"Josh Willingham",8,100.4,123
"Ryan Church",4,103.1,100
"Ryan Doumit",5,103,102
"Ronny Paulino",2,99.4,90
"David Peralta",1,99.9,137
"Delmon Young",7,99.8,96
"Edwin Encarnacion",9,99.6,131
"Ryan Howard",9,103.3,123
"Greg Dobbs",5,100.7,89
"Jason Kubel",5,102.4,114
"Chris Burke",3,104.5,85
"Dan Johnson",2,106.2,111
"Brendan Harris",3,100.9,93
"Ronny Cedeno",4,97.7,63
"Gabe Gross",4,100.7,94
"Reggie Abercrombie",1,98.9,54
"Willy Aybar",2,104.3,92
"Grady Sizemore",6,101.6,122
"Don Kelly",3,99.3,77
"Ryan Raburn",4,102.3,105
"Mike Jacobs",4,102.8,96
"Kelly Johnson",10,102.5,102
"Scott Thorman",1,103.5,62
"Tony Pena",1,100.6,63
"Matt LaPorta",2,99.1,91
"John Rodriguez",1,96.9,111
"Carlos Santana",6,99.6,124
"Jose Tabata",3,99.7,104
"Darwin Barney",4,99.5,72
"Nelson Cruz",8,100.6,132
"Maicer Izturis",6,99.1,95
"Norris Hopper",1,97.2,97
"Pedro Alvarez",5,101.5,112
"Jemile Weeks",1,100.4,73
"Lucas Duda",5,102.2,126
"Jorge Cantu",5,103.1,99
"Yonder Alonso",3,97.6,102
"Pete Kozma",1,96.9,49
"Chris Parmelee",1,109,84
"Peter Bourjos",5,100.1,89
"Carlos Ruiz",7,101.1,107
"Zack Cozart",4,100,77
"Jason Repko",1,99.6,74
"Brandon Guyer",2,101,121
"Jordan Pacheco",1,94,90
"Garrett Jones",5,101.9,105
"Chris Duncan",1,103.4,117
"Pete Orr",2,95.7,72
"Derrick Robinson",1,96.2,80
"Travis Snider",2,102.8,99
"Scott Sizemore",1,97.3,109
"Angel Pagan",5,99.5,101
"Edgar Gonzalez",1,104.4,96
"Michael Morse",3,99.2,133
"Mike Napoli",8,101.7,123
"Mitch Moreland",5,100.4,99
"Jose Lopez",5,101.1,86
"Jesus Guzman",2,104.1,98
"Gregor Blanco",6,100.6,97
"Domonic Brown",2,101,100
"Shin-Soo Choo",6,98.8,133
"Dioner Navarro",5,99.6,79
"Nate McLouth",5,100.1,107
"Julio Borbon",1,97.5,70
"Brayan Pena",2,99.7,80
"Franklin Gutierrez",4,100,94
"Welington Castillo",4,101.3,98
"Kosuke Fukudome",4,101.3,103
"Robinson Cano",12,99.6,127
"Martin Prado",8,100,107
"Alberto Callaspo",6,97.5,96
"Matt Joyce",5,101.4,119
"Gaby Sanchez",5,100.5,104
"Miguel Montero",6,100.5,106
"Anderson Hernandez",1,98.9,73
"Alejandro De Aza",5,99.1,98
"Clete Thomas",1,105.1,86
"Nick Hundley",2,99,95
"Chris Getz",2,98.4,70
"John Mayberry",3,100.1,98
"Cliff Pennington",4,99.4,80
"Trevor Crowe",1,103.6,76
"Ryan Braun",9,102,142
"Allen Craig",3,99.5,114
"Nolan Reimold",2,99.2,103
"Dan Uggla",8,102.9,112
"Luke Scott",4,100.9,119
"Anthony Rizzo",4,101.3,137
"Angel Sanchez",1,98.3,66
"Brent Lillibridge",1,101.9,43
"Eric Hosmer",6,98.6,107
"Troy Tulowitzki",8,100.5,118
"Josh Barfield",2,98.2,76
"Rene Rivera",2,98.5,73
"Brooks Conrad",1,99.6,118
"Jack Hannahan",4,100.6,83
"Skip Schumaker",7,99,95
"Geovany Soto",4,101.1,109
"Rajai Davis",8,98.7,93
"Joe Mather",1,101.2,53
"Felix Pie",1,104.4,95
"David Wright",10,100.8,134
"Jayson Nix",1,104.4,82
"J.J. Hardy",11,101.1,91
"Ryan Theriot",6,99.6,84
"Joaquin Arias",3,99.7,79
"Jeff Keppinger",5,99.8,90
"Kelly Shoppach",1,104.4,128
"Chris Stewart",1,93.1,59
"Chris Young",9,102.7,95
"Josh Reddick",5,102.8,109
"Mike Fontenot",3,98.4,95
"Joey Gathright",2,98.2,62
"Dayan Viciedo",3,102.8,95
"Chris Heisey",3,103.2,94
"Melky Cabrera",10,98.8,104
"Emilio Bonifacio",4,99,83
"Dexter Fowler",8,97.5,111
"Erick Aybar",8,98.4,92
"Michael Brantley",5,97.7,119
"Jonathan Herrera",1,101.7,58
"Yunel Escobar",9,98.6,102
"Ryan Zimmerman",9,99.3,115
"Howie Kendrick",8,100.5,108
"Jose Lobaton",1,98.8,101
"Shane Robinson",1,100.6,81
"Stephen Drew",6,102.1,95
"Matt Wieters",5,103.8,95
"Joey Votto",8,96.3,159
"Daniel Murphy",7,99.7,114
"Micah Hoffpauir",1,104.4,84
"Chris Denorfia",5,100.4,102
"Jed Lowrie",2,97.7,108
"Steve Tolleson",1,97.7,91
"Brandon Moss",5,102.3,108
"Mark Teahen",5,101.4,94
"Russ Adams",1,103.4,86
"Ryan Spilborghs",2,101.7,90
"James Loney",9,99.1,100
"Delwyn Young",2,98.2,89
"Starlin Castro",7,100.7,96
"Nick Swisher",9,101.2,119
"Chris Snyder",4,100.5,84
"Jason Pridie",1,101.5,89
"Prince Fielder",9,99.6,139
"Russell Martin",10,99.9,107
"Junior Lake",1,103.2,65
"Tyler Greene",1,105.1,80
"Ben Francisco",3,104.1,103
"Fred Lewis",3,100.8,103
"Ben Revere",5,98.8,82
"Brian Bogusevic",1,98.4,66
"Chase Headley",8,98.8,109
"Jacoby Ellsbury",7,100.8,106
"Jeremy Reed",2,97.4,79
"Curtis Granderson",10,103.5,119
"Elliot Johnson",2,96.5,67
"John Baker",1,100.3,99
"Jeff Francoeur",9,101.3,88
"Travis Ishikawa",2,101,92
"Brian McCann",11,103.1,114
"Jarrod Dyson",3,95.7,86
"Carlos Gomez",7,100.5,100
"Nyjer Morgan",4,97.6,91
"Mike Moustakas",4,100.8,92
"Robert Andino",2,94.6,74
"Matt Dominguez",2,101.9,76
"Alberto Gonzalez",3,98.7,59
"Ender Inciarte",3,96.8,95
"Jason Heyward",7,99.5,111
"Elijah Dukes",1,101.7,94
"Giancarlo Stanton",6,100.2,140
"Ryan Hanigan",1,90.4,88
"Asdrubal Cabrera",8,99.6,106
"Luis Valbuena",4,101.6,104
"Stephen Vogt",2,104.5,104
"Melvin Upton Jr.",9,100,99
"Josh Donaldson",4,102.9,146
"Anthony Gose",1,98.1,90
"Alexei Ramirez",9,99.8,87
"Alex Gordon",8,100.4,112
"Justin Upton",9,102.2,121
"Cameron Maybin",3,100.5,95
"Jon Jay",5,96,112
"Justin Turner",4,100,127
"Brett Lawrie",3,99.4,96
"Alexi Casilla",1,96.7,63
"Robbie Grossman",1,103,97
"Francisco Cervelli",2,96.6,110
"Aaron Hicks",1,96.3,64
"Alex Presley",1,100.2,86
"Tyler Colvin",2,102.3,113
"Brandon Crawford",5,99.3,100
"Yangervis Solarte",3,100.3,109
"Freddie Freeman",6,100.8,135
"Juan Lagares",3,101.9,85
"Pablo Sandoval",7,100.3,116
"Jose Altuve",5,99.2,120
"Steve Lombardozzi",2,100.6,76
"Daniel Nava",2,99,115
"Bryan LaHair",1,103,110
"Jimmy Paredes",1,106.2,96
"Marwin Gonzalez",3,101,100
"Jesus Montero",1,103.6,90
"Ruben Tejada",3,99.2,92
"Jarrod Saltalamacchia",4,101.6,101
"Mitch Maier",2,97.8,86
"Reggie Willits",1,95.6,104
"Matt Kemp",8,100.9,125
"Ryan Roberts",3,98.7,97
"Devin Mesoraco",2,101.6,114
"Steven Souza Jr.",2,107.5,98
"A.J. Ellis",2,100.8,107
"Hernan Perez",2,101.5,74
"Avisail Garcia",2,101.1,85
"Kenji Johjima",3,100,92
"Wilmer Flores",2,101.2,102
"John Jaso",3,97.2,122
"Daric Barton",2,98,108
"Nick Markakis",11,98.4,110
"Jean Segura",4,102.2,92
"Ian Stewart",2,103.5,94
"Xavier Paul",1,103,76
"Mike Aviles",5,99.6,88
"Kevin Kouzmanoff",4,102.2,96
"Conor Jackson",4,101,105
"Didi Gregorius",3,100.7,93
"Cristhian Adames",1,99.7,50
"Josh Anderson",1,97.5,49
"David Murphy",8,101,101
"Brendan Ryan",5,97.7,70
"Casey McGehee",6,100.5,94
"Aaron Hill",10,101.3,95
"Tony Gwynn",4,99.8,79
"Brian Anderson",2,97.3,68
"Eduardo Escobar",3,102.4,90
"J.D. Martinez",4,97.5,132
"Ian Kinsler",11,99,112
"Nate Schierholtz",6,101.2,91
"Andre Ethier",10,101.2,123
"Carlos Quentin",3,103.6,133
"Matt Murton",1,100.6,107
"Alcides Escobar",7,98.3,72
"Ryan Garko",3,100.8,111
"Ryan Sweeney",3,98.7,99
"Danny Valencia",3,99.2,108
"Adam Jones",9,102.3,109
"Michael Bourn",10,99.2,88
"Kirk Nieuwenhuis",1,100.1,89
"Brent Morel",1,96.5,75
"Roger Bernadina",3,100.3,84
"Lastings Milledge",2,102.2,94
"Andy LaRoche",2,101.7,82
"Andy Dirks",1,105.7,90
"Jordy Mercer",4,100.9,90
"Sean Rodriguez",5,100.6,95
"Brandon Wood",1,99.5,68
"Freddy Galvis",2,99.4,76
"J.B. Shuck",1,93.5,97
"Johnny Giavotella",1,97.3,95
"Justin Maxwell",2,103.9,91
"Eduardo Nunez",2,103.5,96
"Derek Norris",3,98.9,92
"Mark Trumbo",5,102.6,114
"Chris Coghlan",3,100.6,122
"Ian Desmond",7,99.3,101
"Clint Robinson",2,99.4,98
"Juan Francisco",2,104.6,101
"Yadier Molina",12,98.9,101
"Caleb Joseph",1,103.6,87
"Eric Young",2,100.9,77
"Logan Forsythe",3,101.3,110
"Jeremy Hermida",3,97.8,103
"David Lough",1,95.5,95
"Collin Cowgill",1,99.1,103
"Joe Inglett",2,95.4,103
"Carlos Gonzalez",6,102.6,125
"Salvador Perez",4,99.3,92
"Seth Smith",8,101.5,112
"Billy Butler",8,100.2,116
"Paul Janish",1,98.5,40
"Ben Zobrist",8,99.7,124
"Trevor Plouffe",4,101.7,102
"Alex Avila",5,100.8,106
"Blake DeWitt",3,100.6,91
"Josh Fields",1,101.6,100
"Kevin Frandsen",3,100,78
"Neil Walker",7,100.5,116
"Lonnie Chisenhall",3,100.3,102
"Mark Reynolds",10,103.2,104
"Justin Ruggiano",1,106.9,94
"Chris Carter",1,95.3,95
"Travis d'Arnaud",1,99.7,102
"Akinori Iwamura",2,96.6,102
"Miguel Rojas",1,96.4,62
"Charlie Blackmon",3,103.2,110
"Jonathan Lucroy",5,99.5,114
"Ryan Flaherty",1,101.6,79
"Eric Sogard",3,96.2,76
"Logan Schafer",1,103.1,63
"Hanley Ramirez",9,99.6,128
"Wilin Rosario",3,102.2,99
"Brandon Boggs",1,100.1,93
"Adam Lind",6,103.5,112
"Matt Carpenter",5,98.4,133
"Everth Cabrera",2,99.1,91
"Chris Nelson",1,100.6,102
"Josh Harrison",4,99.6,103
"Dee Gordon",2,101,108
"Jason Bartlett",5,99.2,96
"Hunter Pence",9,100.7,120
"Sam Fuld",4,99.5,77
"Kurt Suzuki",8,99.8,86
"Chris Iannetta",4,97.6,118
"John Bowker",1,102.7,83
"Denard Span",6,98.4,103
"Dustin Pedroia",8,98.2,117
"Reid Brignac",1,103.3,90
"Pedro Florimon",1,93.7,67
"Daniel Descalso",5,100.6,76
"Ike Davis",4,102.8,108
"Brett Wallace",2,102.2,87
"Gerardo Parra",8,101.3,89
"Tadahito Iguchi",3,100.4,100
"Yuniesky Betancourt",7,97.2,77
"Kendrys Morales",5,102.9,123
"Donovan Solano",2,102.6,75
"Paulo Orlando",1,102.4,95
"Elvis Andrus",8,98,86
"Jason Castro",4,99.3,97
"Oscar Robles",1,101.5,88
"Conor Gillaspie",3,97.5,99
"Gordon Beckham",7,99.4,82
"Ezequiel Carrera",1,100.7,85
"Justin Smoak",6,101.4,97
"Alexi Amarista",4,100.8,68
"Lorenzo Cain",4,100.1,106
"Khris Davis",3,104.3,117
"Tyler Flowers",2,103.6,88
"Buster Posey",6,99.5,138
"Logan Morrison",3,100,103
"Paul Goldschmidt",5,98.7,147
"Danny Espinosa",5,102.5,90
"Starling Marte",4,96.9,123
"A.J. Pollock",2,103.8,117
"Chris Davis",6,102.8,124
"Drew Stubbs",5,102.7,91
"Brock Holt",2,100.4,98
"Evan Longoria",8,100,125
"Matt Adams",3,99.2,118
"Jeremy Hazelbaker",1,101.5,101
"David Freese",5,97.2,113
"Craig Gentry",2,95.1,107
"Yan Gomes",1,96.4,117
"Adam Rosales",1,100.1,114
"Josh Thole",2,99.9,78
"Rusty Ryal",1,97.5,73
"Ben Paulsen",1,102.4,97
"Justin Bour",1,98.3,118
"James Jones",1,100.1,68
"Jason Kipnis",5,100.4,111
"Nolan Arenado",4,102.3,110
"Kyle Seager",5,103.3,120
"Ryan Goins",1,100.4,84
"Brian Dozier",4,100,113
"Andrew McCutchen",8,99.6,139
"Austin Jackson",6,98.9,102
"DJ LeMahieu",4,97.9,91
"Jordan Schafer",2,105.3,68
"Ivan De Jesus",1,100,67
"Jay Bruce",9,104.7,107
"Colby Rasmus",8,102.4,102
"Chris Carter",4,103.8,113
"Brett Gardner",7,99.5,104
"Darin Ruf",1,103.7,96
"Steve Pearce",1,95,161
"Jeff Bianchi",1,96.5,51
"Michael Saunders",4,101.3,105
"Chris Owings",2,98.8,67
"Wil Myers",1,104.1,115
"Jonathan Villar",1,101.1,118
"Dustin Ackley",4,102.1,87
"Mike Trout",5,97.4,171
"Nick Franklin",1,101.8,93
"Billy Hamilton",3,101.2,71
"Tucker Barnhart",1,99.5,82
"Jose Iglesias",3,94.5,89
"Randal Grichuk",2,101.1,117
"Brandon Belt",4,100.7,133
"Oswaldo Arcia",1,100.4,108
"Danny Santana",1,92.1,132
"Marcell Ozuna",3,100.1,105
"Scooter Gennett",3,99.7,91
"Tommy Joseph",1,106.2,113
"Adeiny Hechavarria",4,97.9,70
"Enrique Hernandez",1,102.7,68
"Cheslor Cuthbert",1,98.3,94
"Derek Dietrich",1,100.1,117
"Cesar Hernandez",2,99.3,101
"Corey Dickerson",2,102.6,119
"Jedd Gyorko",4,103.1,98
"Andrelton Simmons",4,98.8,84
"Adam Duvall",1,99.5,104
"Phil Gosselin",1,95.5,81
"Evan Gattis",4,103.1,113
"Kevin Kiermaier",3,101.4,105
"Cameron Rupp",1,99.3,99
"Tommy Medica",1,109.1,97
"Ramon Flores",1,102.1,47
"Josh Rutledge",1,102.1,87
"Kole Calhoun",3,103,115
"Adam Eaton",3,97.6,117
"Matt Szczur",1,101.3,88
"Jonathan Schoop",2,99.7,83
"Jake Marisnick",2,97,71
"Yasmani Grandal",3,103.9,116
"Delino DeShields",1,95,96
"Tyler Holt",1,94.6,71
"Mark Canha",1,104,107
"Odubel Herrera",2,100,111
"Christian Yelich",3,95.8,123
"Michael Taylor",1,98.4,69
"Manny Machado",3,101.2,122
"Bryce Harper",5,100.6,139
"Carlos Sanchez",1,98.6,61
"Brandon Drury",1,103,102
"Nick Castellanos",3,98.9,101
"J.T. Realmuto",2,103.6,98
"Leonys Martin",3,101.1,88
"Joc Pederson",2,101.7,122
"Joe Panik",2,99,110
"Travis Shaw",1,102.1,87
"Cody Asche",2,102.1,91
"Max Kepler",1,101.4,93
"Nick Ahmed",1,101.3,66
"Eddie Rosario",1,97.1,97
"Xander Bogaerts",3,97.6,102
"Miguel Sano",1,103.1,107
"Maikel Franco",1,106.5,92
"Rougned Odor",3,101.7,102
"Cory Spangenberg",1,104.9,104
"Jace Peterson",2,98.4,86
"Kevin Pillar",2,101.6,87
"Kolten Wong",3,99.2,91
"Marcus Semien",2,99.9,99
"C.J. Cron",2,105.6,110
"Eugenio Suarez",1,104.9,93
"Taylor Featherston",1,93.9,27
"Billy Burns",1,92.2,103
"Brad Miller",3,101.1,103
"George Springer",2,102.6,127
"James McCann",2,104,76
"Anthony Rendon",2,99.2,121
"Gregory Polanco",2,100.9,100
"Francisco Lindor",1,102.4,112
"Javier Baez",1,98.9,94
"Jackie Bradley Jr.",2,97.1,89
"Chris Colabello",1,94.3,142
"Nori Aoki",4,97.4,106
"Yoenis Cespedes",5,99.6,123
"Mike Zunino",2,100.2,69
"Jake Lamb",2,101.1,105
"Tyler Naquin",1,100.9,135
"Stephen Piscotty",1,98.8,115
"Jose Ramirez",1,92.2,122
"Mookie Betts",2,102.6,127
"Ketel Marte",1,99.4,66
"Corey Seager",1,105.5,137
"Travis Jankowski",1,99.7,82
"Adonis Garcia",1,105.5,90
"Matt Duffy",1,101.4,114
"Devon Travis",1,100.5,109
"Addison Russell",2,100.2,93
"Carlos Correa",1,100.5,122
"Jorge Soler",1,95.3,96
"Yasiel Puig",3,97.5,140
"Nomar Mazara",1,103.3,94
"Kris Bryant",2,102.2,143
"Alex Guerrero",1,102.2,91
"Jose Abreu",3,98.6,137
"Aledmys Diaz",1,98.3,132
"Michael Conforto",1,107.1,96
"Yasmany Tomas",2,104.5,100
"Jung Ho Kang",2,100,131
"Dae-Ho Lee",1,106,102
"Hank Aaron",2,102.4,109
"Kurt Abbott",2,101.2,96
"Glenn Adams",2,99.9,98
"Willie Aikens",5,99.8,129
"Mike Aldrete",2,98.5,117
"Gary Alexander",2,102.6,100
"Andy Allanson",2,94.3,70
"Dick Allen",2,101.4,131
"Jermaine Allensworth",2,99.5,87
"Bill Almon",5,98.9,85
"Sandy Alomar",2,98.7,69
"Rich Amaral",2,94.7,97
"Ruben Amaro",2,102.9,82
"Dave Anderson",2,97.9,92
"Jim Anderson",1,103.6,68
"Mike Anderson",1,100.2,78
"Rob Andrews",2,100.5,83
"Eric Anthony",2,103.4,99
"Tony Armas",9,102.6,104
"Alan Ashby",5,97.7,82
"Doug Ault",1,103.1,83
"Wally Backman",4,96.8,107
"Bob Bailey",2,93.5,127
"Mark Bailey",2,101.4,110
"Bob Bailor",6,98.7,75
"Harold Baines",18,100.4,121
"Dusty Baker",12,100.3,118
"Steve Balboni",7,102.1,102
"Sal Bando",6,98.8,114
"Alan Bannister",4,97.1,93
"Bret Barberie",2,101.1,97
"Jesse Barfield",9,102.3,120
"Marty Barrett",5,97.1,93
"Kevin Bass",9,101.9,105
"Jason Bates",1,99.9,83
"Don Baylor",13,100.6,120
"Bob Beall",1,98,90
"Rich Becker",6,100.5,93
"Mark Belanger",5,98.9,77
"Buddy Bell",13,97.5,110
"Derek Bell",8,101.9,104
"Albert Belle",10,102.6,142
"George Bell",10,99.9,112
"Rafael Belliard",4,97.1,52
"Juan Bell",1,99.4,74
"Johnny Bench",9,101.1,125
"Bruce Benedict",3,96.7,78
"Juan Beniquez",7,99.8,102
"Todd Benzinger",6,102.3,81
"Dave Bergman",3,98.7,111
"Tony Bernazard",7,98,101
"Dale Berra",3,98.8,78
"Geronimo Berroa",3,104.3,117
"Damon Berryhill",2,101.3,76
"Sean Berry",6,101.9,112
"Kurt Bevacqua",1,95.6,90
"Dante Bichette",12,102.6,105
"Larry Biittner",5,101.5,89
"Paul Blair",3,100.1,80
"Larvell Blanks",3,100.1,86
"Lance Blankenship",1,94.8,123
"Jeff Blauser",9,101.4,110
"Mike Blowers",3,103.1,103
"Bruce Bochte",10,96.8,113
"Tim Bogar",2,102.3,61
"Wade Boggs",16,95.4,132
"Bruce Boisclair",3,97.7,102
"Bobby Bonds",5,99.3,133
"Bobby Bonilla",13,100,127
"Juan Bonilla",1,100.8,69
"Barry Bonnell",7,101,94
"Bob Boone",14,98.9,83
"Glenn Borgmann",2,97.5,74
"Rick Bosetti",2,100.1,73
"Thad Bosley",1,97.6,147
"Daryl Boston",6,102.5,104
"Lyman Bostock",3,96.2,128
"Larry Bowa",11,97.7,75
"Phil Bradley",7,97.6,120
"Scott Bradley",2,101.8,82
"Glenn Braggs",3,100.3,99
"Jeff Branson",3,99.9,78
"Mickey Brantley",1,96.4,90
"Steve Braun",4,95.2,113
"Sid Bream",6,99.6,110
"Bob Brenly",5,102.1,113
"George Brett",19,98.5,133
"Johnny Briggs",2,97.8,120
"Greg Briley",4,100.1,88
"Ed Brinkman",1,100.2,70
"Greg Brock",7,99.9,104
"Lou Brock",5,96.5,103
"Rico Brogna",4,102.9,96
"Jack Brohamer",1,97.3,97
"Hubie Brooks",9,99.8,97
"Tom Brookens",6,100.4,81
"Scott Brosius",7,100.7,96
"Bob Brower",1,105.3,107
"Bobby Brown",1,100.1,97
"Brant Brown",2,103.9,98
"Chris Brown",2,97.2,126
"Jerry Browne",6,98.1,101
"Mike Brown",1,92,128
"Jacob Brumfield",2,101.6,89
"Tom Brunansky",11,101,108
"Steve Brye",1,97.8,94
"Bill Buckner",14,100.7,101
"Steve Buechele",8,98.9,99
"Damon Buford",2,103.9,72
"Jay Buhner",8,100.9,126
"Scott Bullett",1,96.3,42
"Al Bumbry",9,97.6,105
"Rick Burleson",8,96.9,89
"Jeff Burroughs",8,99.7,123
"Randy Bush",6,100.8,102
"Brett Butler",14,94.5,118
"Enos Cabell",11,98.6,95
"Ivan Calderon",4,99.8,121
"Ken Caminiti",11,100.3,115
"Bert Campaneris",4,97.8,95
"Casey Candaele",4,99.5,85
"John Cangelosi",5,97.4,100
"Jose Canseco",11,101.7,132
"Bernie Carbo",2,96.5,132
"Jose Cardenal",3,96.9,116
"Rod Carew",10,94.6,139
"Chuck Carr",2,102,75
"Mark Carreon",4,103,98
"Gary Carter",14,101.3,121
"Joe Carter",14,103.5,102
"Rico Carty",5,100.3,126
"Dave Cash",6,96.1,91
"John Castino",5,100,96
"Juan Castillo",1,100.8,65
"Manny Castillo",1,98.7,65
"Andujar Cedeno",3,101.4,73
"Cesar Cedeno",9,97.9,123
"Domingo Cedeno",1,104.5,88
"Rick Cerone",2,100.2,90
"Ron Cey",11,100.6,122
"Dave Chalk",5,96.3,89
"Chris Chambliss",11,99,109
"Wes Chamberlain",1,104.7,97
"Mike Champion",1,98.1,54
"Darrel Chaney",1,94.4,79
"Joe Charboneau",1,93.7,132
"Rich Chiles",1,101,86
"Dave Clark",3,100,107
"Jack Clark",12,99.7,141
"Jerald Clark",3,98.9,85
"Phil Clark",1,100.9,123
"Will Clark",14,99.3,136
"Gene Clines",3,99.1,74
"Rich Coggins",1,100.6,82
"Nate Colbert",1,99,97
"Alex Cole",4,97.9,92
"Vince Coleman",8,99.2,86
"Darnell Coles",3,103.8,102
"Dave Collins",8,99,95
"Bob Coluccio",1,96.4,84
"Dave Concepcion",13,99.3,93
"Onix Concepcion",1,95.7,39
"Cecil Cooper",13,100.4,122
"Scott Cooper",4,99.9,92
"Joey Cora",5,98.8,97
"Tim Corcoran",1,99.5,79
"Vic Correll",1,106.6,78
"Henry Cotto",2,100.6,83
"Al Cowens",10,99.4,101
"Willie Crawford",3,99.2,121
"Warren Cromartie",6,99,103
"Hector Cruz",3,98.7,81
"Jose Cruz",14,97.5,123
"Julio Cruz",6,98,75
"Todd Cruz",3,96.8,57
"Mike Cubbage",3,100.3,102
"Chad Curtis",8,100,97
"Milt Cuyler",1,95,90
"Paul Dade",2,100.7,89
"Kal Daniels",4,98.4,145
"Bobby Darwin",2,103.6,109
"Doug Dascenzo",2,101.1,75
"Rich Dauer",6,100.1,87
"Jack Daugherty",1,101.1,120
"Darren Daulton",5,99,122
"Alvin Davis",8,96.4,126
"Chili Davis",17,99.2,119
"Dick Davis",1,95.9,88
"Eric Davis",8,100.3,138
"Glenn Davis",6,102.3,125
"Jody Davis",6,100.6,95
"Mike Davis",6,101.3,103
"Russ Davis",3,103.3,94
"Tommy Davis",2,100.8,99
"Willie Davis",3,101.3,99
"Andre Dawson",17,102.1,120
"Doug DeCinces",11,100.4,115
"Rob Deer",8,102.4,110
"Ivan DeJesus",8,98.2,78
"Rick Dempsey",8,99,95
"Bucky Dent",8,96.3,76
"Bob Dernier",5,99.6,78
"Orestes Destrade",1,105.6,94
"Mike Devereaux",7,102.5,100
"Bo Diaz",4,103.5,95
"Mike Diaz",1,107.5,109
"Miguel Dilone",3,93.6,90
"Gary DiSarcina",6,99.2,63
"Bill Doran",10,97.6,111
"Brian Downing",14,98.8,126
"Denny Doyle",3,98.6,66
"Dan Driessen",9,99,113
"Rob Ducey",1,95.9,70
"Frank Duffy",4,98.7,60
"Dave Duncan",1,100.8,76
"Mariano Duncan",6,100.4,93
"Taylor Duncan",1,100.9,81
"Leon Durham",5,99.2,125
"Jim Dwyer",1,103.8,95
"Jerry Dybzinski",1,96.4,58
"Lenny Dykstra",6,97.1,125
"Mike Easler",6,98.3,125
"Mike Edwards",2,97.5,67
"Jim Eisenreich",9,100.1,105
"John Ellis",2,101.5,110
"Kevin Elster",4,99,83
"Dave Engle",2,97.7,95
"Nick Esasky",5,101.5,115
"Alvaro Espinoza",3,94.9,66
"Cecil Espy",3,98.6,80
"Jim Essian",2,94.9,105
"Tony Eusebio",2,101.8,99
"Darrell Evans",16,101.7,117
"Dwight Evans",17,98.2,130
"Ron Fairly",3,98.7,126
"Mike Felder",4,100.9,77
"Junior Felix",3,102.9,96
"Joe Ferguson",5,100,121
"Felix Fermin",5,96.9,70
"Tony Fernandez",14,99,103
"Cecil Fielder",8,104.3,120
"Jesus Figueroa",1,95.3,65
"Mike Fischlin",1,95.4,89
"Carlton Fisk",12,100.2,115
"Mike Fitzgerald",4,99.8,79
"Tim Flannery",4,95.7,95
"Scott Fletcher",9,97.5,91
"Gil Flores",1,98.7,93
"Doug Flynn",8,95.6,49
"Tom Foley",3,103.8,94
"Tim Foli",8,97.8,66
"Barry Foote",4,99.4,73
"Dan Ford",7,102.2,110
"George Foster",12,100.3,131
"Terry Francona",1,99.6,80
"Lou Frazier",1,96.6,90
"Bill Freehan",2,101.2,116
"Pepe Frias",2,98.2,53
"Doug Frobel",1,103.7,81
"Jeff Frye",3,97,97
"Tito Fuentes",4,98.5,84
"Gary Gaetti",17,100,95
"Greg Gagne",13,100.2,83
"Dave Gallagher",1,95.4,81
"Mike Gallego",5,97.4,91
"Oscar Gamble",6,101.5,137
"Jim Gantner",10,98.7,89
"Barbaro Garbey",1,98.1,99
"Carlos Garcia",3,99.6,92
"Damaso Garcia",6,95.9,87
"Kiko Garcia",2,101.4,66
"Pedro Garcia",2,98.3,60
"Ron Gardenhire",1,94.9,65
"Jeff Gardner",1,101.4,91
"Phil Garner",12,98.6,101
"Wayne Garrett",2,99.9,96
"Ralph Garr",6,97.5,104
"Steve Garvey",13,99.3,118
"Cito Gaston",1,105.1,66
"Brent Gates",4,99.7,83
"Rich Gedman",3,99.9,111
"Cesar Geronimo",6,99.7,96
"Kirk Gibson",8,101.2,128
"Rod Gilbreath",3,101.2,75
"Brian Giles",1,99.2,73
"Bernard Gilkey",7,100.5,117
"Dan Gladden",7,100.6,89
"Leo Gomez",3,100.8,109
"Luis Gomez",2,93.1,36
"Fernando Gonzalez",2,99.6,66
"Julio Gonzalez",1,104.6,69
"Rene Gonzales",2,97.9,101
"David Green",3,98.9,97
"Dick Green",1,98.7,63
"Mike Greenwell",7,96.6,126
"Willie Greene",4,102.5,102
"Tommy Gregg",2,102.1,80
"Bobby Grich",11,97.7,131
"Tom Grieve",2,101.7,110
"Alfredo Griffin",12,97.5,67
"Ken Griffey",13,98.7,120
"Greg Gross",9,95.9,111
"Wayne Gross",8,102.2,108
"Jerry Grote",1,95.3,106
"Johnny Grubb",7,98.9,119
"Kelly Gruber",6,101.5,105
"Mario Guerrero",2,97.5,74
"Pedro Guerrero",9,99.2,141
"Ozzie Guillen",11,98,66
"Brad Gulden",1,102.5,72
"Jackie Gutierrez",1,96,61
"Tony Gwynn",16,94.7,133
"Jerry Hairston",2,98.3,109
"Mel Hall",9,101.9,104
"Bob Hamelin",1,100.9,121
"Darryl Hamilton",8,98.7,102
"Jeff Hamilton",2,99.2,83
"Mike Hargrove",11,95.4,123
"Larry Harlow",2,98.8,105
"Brian Harper",5,97.2,109
"Terry Harper",2,103,98
"Tommy Harper",2,99.5,87
"Toby Harrah",11,97.9,125
"Bud Harrelson",3,94.9,80
"Ron Hassey",5,95.8,115
"Billy Hatcher",8,100.6,90
"Mickey Hatcher",4,98.8,94
"Charlie Hayes",10,100.1,91
"Von Hayes",9,100.5,118
"Fran Healy",1,98.6,108
"Mike Heath",4,100.3,96
"Richie Hebner",7,101,117
"Danny Heep",2,99.7,104
"Mike Hegan",1,98.2,112
"Tommy Helms",1,97,90
"Dave Henderson",10,101.2,113
"Ken Henderson",3,99.9,113
"Steve Henderson",4,97.1,115
"George Hendrick",11,99.8,123
"Carlos Hernandez",1,99.7,82
"Enzo Hernandez",3,97.7,69
"Keith Hernandez",12,95.6,135
"Larry Herndon",8,100.7,102
"Ed Herrmann",2,101.4,75
"Tom Herr",9,98.1,97
"Donnie Hill",4,99.7,87
"Glenallen Hill",5,102.7,111
"Marc Hill",2,98.7,83
"Larry Hisle",4,101.8,135
"Butch Hobson",3,99.4,99
"Ron Hodges",1,93.2,101
"Glenn Hoffman",3,99.1,69
"Chris Hoiles",4,102.1,124
"Jim Holt",1,101.8,58
"Bob Horner",6,102.9,129
"Sam Horn",1,101.5,127
"Willie Horton",5,101.4,104
"Dave Hostetler",1,104.9,100
"Paul Householder",2,104.4,78
"David Howard",1,99.7,52
"Thomas Howard",6,100.8,87
"Wilbur Howard",1,101.4,97
"Art Howe",6,98.2,109
"Jack Howell",4,101,105
"Roy Howell",6,98.8,97
"Kent Hrbek",12,97.5,128
"Glenn Hubbard",7,98.4,88
"Tim Hulett",2,100.6,77
"David Hulse",2,98.1,76
"Terry Humphrey",1,94.5,61
"Ron Hunt",1,100.2,96
"Clint Hurdle",2,98.9,114
"Butch Huskey",5,102.7,99
"Jeff Huson",3,96.2,82
"Pete Incaviglia",8,102.8,110
"Dane Iorg",2,101.7,110
"Garth Iorg",6,98.2,75
"Mike Ivie",5,102.5,116
"Bo Jackson",4,101.5,116
"Darrin Jackson",3,103.3,103
"Reggie Jackson",13,101,135
"Ron Jackson",6,100.1,95
"Brook Jacoby",9,98.6,103
"John Jaha",3,101.6,128
"Chris James",6,99.1,94
"Dion James",5,96.4,115
"Stan Javier",11,101.4,96
"Gregg Jefferies",10,100.3,108
"Reggie Jefferson",3,101.4,111
"Stan Jefferson",1,101.9,70
"Steve Jeltz",4,97.1,68
"Houston Jimenez",1,97,28
"Alex Johnson",2,98.4,93
"Cliff Johnson",9,100.1,128
"Davey Johnson",1,90.3,107
"Deron Johnson",2,101,78
"Howard Johnson",8,101.1,122
"Jay Johnstone",5,98.2,123
"Lamar Johnson",5,99.8,108
"Lance Johnson",8,98.3,99
"Cleon Jones",1,97.6,119
"Ruppert Jones",8,100.3,107
"Tracy Jones",1,107.3,100
"Kevin Jordan",3,102,65
"Ricky Jordan",2,98.9,105
"Mike Jorgensen",4,100.3,119
"Von Joshua",3,100.1,93
"Wally Joyner",13,99.6,117
"Al Kaline",1,93.2,106
"Ron Karkovice",4,103.3,83
"Bob Kearney",3,100.8,73
"Mick Kelleher",1,95.3,43
"Pat Kelly",4,96.5,112
"Pat Kelly",2,99,91
"Roberto Kelly",7,98.2,104
"Steve Kemp",7,98.2,124
"Fred Kendall",2,99,80
"Junior Kennedy",1,100.5,82
"Terry Kennedy",9,99.5,98
"Don Kessinger",4,98.4,77
"Harmon Killebrew",2,104.1,92
"Mike Kingery",4,97.9,94
"Jeff King",7,101.9,101
"Dave Kingman",11,103.9,113
"Wayne Kirby",1,101.9,87
"Ed Kirkpatrick",1,102,101
"Ron Kittle",5,104.5,103
"Ray Knight",9,98.5,102
"Brad Komminsk",1,104.6,77
"Ed Kranepool",3,95.4,115
"John Kruk",8,97.3,136
"Duane Kuiper",5,97.8,81
"Craig Kusick",2,101.3,124
"Pete LaCock",4,100.6,93
"Lee Lacy",8,99,116
"Joe Lahoud",1,99.2,146
"Rafael Landestoy",2,101.6,88
"Ken Landreaux",8,100.8,102
"Carney Lansford",12,98.2,111
"Mike Lansing",8,101.5,83
"Gene Larkin",4,99.8,100
"Tim Laudner",1,104.6,99
"Mike LaValliere",4,98.5,95
"Rudy Law",5,97.2,90
"Vance Law",8,98.7,100
"Rick Leach",2,101.1,100
"Manuel Lee",4,95.3,78
"Joe Lefebvre",1,99.3,147
"Ron LeFlore",6,97.7,110
"Scott Leius",2,96.9,77
"Johnnie LeMaster",6,98.9,63
"Mark Lemke",7,100.2,74
"Chet Lemon",14,98.7,120
"Jeffrey Leonard",8,100.7,101
"Jesse Levis",1,97.6,69
"Mark Lewis",4,101.4,83
"Jim Leyritz",2,102,115
"Sixto Lezcano",9,98.7,127
"Jose Lind",6,96.4,67
"Larry Lintz",1,94.6,76
"Nelson Liriano",4,99.9,89
"Pat Listach",1,92.5,101
"Bryan Little",1,100.7,98
"Scott Livingstone",1,97.3,93
"Gene Locklear",1,100.3,132
"Steve Lombardozzi",2,97.8,73
"Davey Lopes",9,98.4,111
"Torey Lovullo",1,102.5,83
"John Lowenstein",4,100,119
"Mike Lum",3,101.7,74
"Greg Luzinski",10,98.9,134
"Fred Lynn",14,97.8,131
"Steve Lyons",3,96.5,88
"Kevin Maas",1,100.6,103
"Mike Macfarlane",5,99.7,104
"Pete Mackanin",3,101.3,71
"Shane Mack",5,99.3,124
"Elliott Maddox",3,95.6,111
"Garry Maddox",8,98.8,101
"Bill Madlock",13,96.5,119
"Dave Magadan",8,96.9,121
"Candy Maldonado",8,99.4,110
"Angel Mangual",1,104.5,83
"Pepe Mangual",2,97.3,95
"Rick Manning",9,98.4,87
"Fred Manrique",3,96,85
"Kirt Manwaring",4,101,79
"Mike Marshall",6,99.3,121
"Carmelo Martinez",7,101.3,110
"Carlos Martinez",1,97.4,110
"Dave Martinez",12,100.1,101
"Felix Martinez",1,100.9,57
"Jerry Martin",4,103,98
"Manny Martinez",1,102.6,53
"Ted Martinez",1,100.7,57
"Jim Mason",1,100.7,90
"Gary Matthews",12,99.9,122
"Don Mattingly",11,99.3,126
"Len Matuszek",1,102.3,68
"John Mayberry",7,101.7,119
"Carlos May",3,98.6,98
"Dave May",3,99.3,74
"Derrick May",5,100.9,96
"Lee May",6,103.7,105
"Milt May",6,101.1,88
"Lee Mazzilli",6,99.2,116
"Bake McBride",6,97.7,112
"Willie McCovey",5,100.9,124
"Oddibe McDowell",6,101.6,96
"Willie McGee",15,98.4,102
"Mark McGwire",11,102.5,159
"Dave McKay",2,100.4,68
"Jeff McKnight",1,96.1,74
"Brian McRae",9,100.1,94
"Hal McRae",13,97.4,126
"Kevin McReynolds",10,101.4,117
"Bob Meacham",1,100.5,64
"Pat Meares",6,99.3,73
"Luis Melendez",1,94.6,78
"Bill Melton",3,98.3,102
"Mario Mendoza",1,92.5,20
"Roger Metzger",4,96.2,68
"Dan Meyer",7,101.5,84
"Matt Mieske",1,103.1,93
"Larry Milbourne",3,100.7,71
"Felix Millan",3,94.3,92
"Keith Miller",1,101.3,109
"Orlando Miller",1,104.5,86
"Rick Miller",5,95.3,94
"Randy Milligan",5,98.4,134
"Eddie Milner",5,98.9,99
"John Milner",6,98.1,118
"Bobby Mitchell",1,99.4,76
"Kevin Mitchell",6,102.2,142
"George Mitterwald",1,103.1,67
"Bob Molinaro",2,98.5,99
"Paul Molitor",19,97.8,123
"Rick Monday",6,100.1,123
"Don Money",5,99,121
"Willie Montanez",7,98.7,100
"Charlie Moore",6,98.8,90
"Junior Moore",1,101.5,75
"Jerry Morales",6,100.8,88
"Jose Morales",1,93.4,117
"Mickey Morandini",8,101,86
"Keith Moreland",8,100.3,101
"Omar Moreno",9,99.2,77
"Joe Morgan",10,96.6,139
"Hal Morris",8,99.5,116
"Jim Morrison",3,102.1,104
"Lloyd Moseby",11,99.7,103
"John Moses",3,102,75
"Darryl Motley",2,102.3,95
"James Mouton",1,100.7,92
"Rance Mulliniks",8,97.6,117
"Jerry Mumphrey",11,97.7,109
"Pedro Munoz",3,102.6,96
"Thurman Munson",5,99,114
"Bobby Murcer",7,99.9,113
"Dale Murphy",14,102.2,121
"Dwayne Murphy",7,100.3,118
"Eddie Murray",19,99.6,127
"Tony Muser",1,98.5,60
"Tim Naehring",2,98.7,115
"Bill Nahorodny",1,102.3,77
"Troy Neel",1,100.2,131
"Dave Nelson",1,101.1,69
"Graig Nettles",13,101.7,113
"Morris Nettles",1,100.9,66
"Marc Newfield",1,104.8,99
"Al Newman",4,97.5,65
"Jeff Newman",3,102.5,81
"Melvin Nieves",2,104.2,96
"Dave Nilsson",5,100.3,113
"Otis Nixon",10,95.9,85
"Matt Nokes",5,104,107
"Wayne Nordhagen",1,102.7,102
"Nelson Norman",1,92.5,43
"Jim Norris",4,99.7,95
"Billy North",6,95.8,107
"Jim Northrup",1,103.1,89
"Willie Norwood",1,97,87
"Jon Nunnally",1,103.9,111
"Ken Oberkfell",10,97.4,102
"Charlie O'Brien",1,103.6,90
"Pete O'Brien",10,100.3,103
"Ron Oester",7,99.2,83
"Rowland Office",6,100.8,77
"Ben Oglivie",11,101.2,120
"Tony Oliva",2,101.8,101
"Al Oliver",11,97.9,125
"Bob Oliver",1,105.3,78
"Joe Oliver",5,99.3,81
"Greg Olson",1,103.2,84
"Tom O'Malley",1,97.8,96
"Paul O'Neill",14,100.3,120
"Steve Ontiveros",4,97.7,106
"Jose Oquendo",6,96.5,93
"Joe Orsulak",10,99.9,96
"Jorge Orta",10,99.4,113
"Ricky Otero",1,101.2,81
"Amos Otis",8,98.5,117
"Ed Ott",4,101.6,89
"Spike Owen",8,97.3,85
"Tom Paciorek",7,98.9,114
"Mitchell Page",4,101.7,122
"Mike Pagliarulo",8,101.5,96
"Tom Pagnozzi",3,97.9,86
"Dave Parker",15,99.7,121
"Larry Parrish",12,101.5,107
"Lance Parrish",11,102.2,108
"Dan Pasqua",5,102.5,121
"Freddie Patek",6,99.3,78
"Bill Pecota",2,95.2,92
"Tony Pena",12,97.9,85
"Terry Pendleton",11,99.6,92
"Jack Perconte",2,94.5,93
"Marty Perez",4,101.2,77
"Tony Perez",7,100.8,115
"Broderick Perkins",1,100.5,87
"Gerald Perry",6,100.4,92
"Rick Peters",1,98.8,106
"Geno Petralli",2,97,100
"Rico Petrocelli",2,100.3,94
"Gary Pettis",8,98.8,84
"Ken Phelps",4,102,150
"Mike Phillips",1,96.8,74
"Tony Phillips",14,96.2,113
"Rob Picciolo",2,95.3,42
"Lou Piniella",6,97.3,114
"Vada Pinson",1,97.4,92
"Phil Plantier",2,101.8,107
"Biff Pocoroba",1,100.4,113
"Luis Polonia",7,98.2,96
"Tom Poquette",2,100.1,117
"Darrell Porter",10,100,112
"Boog Powell",2,97.3,140
"Hosken Powell",4,98,87
"Jim Presley",6,100.7,91
"Greg Pryor",2,95.8,74
"Kirby Puckett",12,98.8,122
"Terry Puhl",8,97.5,117
"Pat Putnam",3,101,104
"Rey Quinones",2,99.7,85
"Carlos Quintana",2,100.5,111
"Dave Rader",2,99.3,71
"Doug Rader",4,101.3,107
"Rafael Ramirez",9,99.3,77
"Mike Ramsey",1,100.8,63
"Bob Randall",3,94.7,80
"Len Randle",6,97.7,95
"Willie Randolph",15,94.8,111
"Floyd Rayford",1,99.5,130
"Johnny Ray",9,99.3,101
"Randy Ready",3,97.8,124
"Gary Redus",4,99.7,104
"Jeff Reed",3,100.7,89
"Jody Reed",9,97.2,95
"Kevin Reimer",3,101.9,107
"Ken Reitz",7,98.5,79
"Jerry Remy",6,96.2,82
"Rich Renteria",1,106,75
"Merv Rettenmund",1,97.4,147
"Dave Revering",3,99.7,116
"Craig Reynolds",8,98.5,78
"Harold Reynolds",8,97.4,88
"R.J. Reynolds",5,101.5,98
"Jim Rice",14,100.7,130
"Gene Richards",6,97.9,115
"Mike Richardt",1,98.4,59
"Ernest Riles",5,98.8,94
"Billy Ripken",5,95.1,67
"Cal Ripken",18,100.5,112
"Luis Rivera",3,99.3,76
"Mickey Rivers",8,97.6,110
"Bip Roberts",6,96.7,117
"Dave Roberts",1,100.9,42
"Leon Roberts",4,97.8,113
"Bill Robinson",4,102.6,116
"Brooks Robinson",2,97.1,85
"Craig Robinson",1,94.7,47
"Frank Robinson",1,100.9,139
"Aurelio Rodriguez",6,99.6,68
"Ellie Rodriguez",1,98.8,122
"Gary Roenicke",6,100.4,126
"Ron Roenicke",2,102.8,98
"Cookie Rojas",2,99.9,79
"Ed Romero",1,93.8,71
"Rolando Roomes",1,102.3,100
"Pete Rose",12,94.9,116
"Jerry Royster",6,99,74
"Joe Rudi",5,98.9,118
"Bill Russell",9,98.5,84
"Chris Sabo",4,101.2,117
"Lenn Sakata",1,97.1,93
"Mark Salas",1,95,108
"Angel Salazar",2,96.9,38
"Luis Salazar",8,100.1,89
"Bill Sample",3,97.3,94
"Juan Samuel",9,101.5,99
"Ryne Sandberg",14,100.4,116
"Deion Sanders",1,100.2,83
"Manny Sanguillen",4,98.2,100
"F.P. Santangelo",4,99.9,100
"Rafael Santana",4,96.2,63
"Ron Santo",1,100.1,70
"Mackey Sasser",1,99.3,109
"Steve Sax",11,97.7,98
"Steve Scarsone",1,102.8,64
"Mike Schmidt",15,101.1,151
"Dick Schofield",7,96.9,74
"Rick Schu",1,98,92
"Mike Scioscia",10,97.8,100
"Daryl Sconiers",1,102.7,101
"George Scott",6,100.4,115
"Rodney Scott",3,100.5,77
"Tony Scott",4,101,74
"Kevin Sefcik",1,96,97
"Kevin Seitzer",8,96.3,115
"Scott Servais",3,100,74
"Bill Sharp",1,96.7,73
"Mike Sharperson",3,96.5,119
"Larry Sheets",6,101.2,106
"John Shelby",6,101.4,79
"Pat Sheridan",5,99.9,96
"Ted Simmons",12,98.4,118
"Joe Simpson",1,101.2,70
"Ken Singleton",11,97.1,135
"Ted Sizemore",5,97.6,70
"Joel Skinner",1,97.8,58
"Don Slaught",4,99,98
"Roy Smalley",11,100.4,105
"Billy Smith",1,104.4,65
"Dwight Smith",6,96.5,109
"Lonnie Smith",9,96.1,125
"Ozzie Smith",16,97.2,91
"Reggie Smith",6,100.1,147
"Cory Snyder",7,101.8,97
"Eric Soderholm",5,99.6,114
"Rick Sofield",1,99.4,75
"Tony Solaita",1,98.2,113
"Paul Sorrento",6,104.3,109
"Chris Speier",9,98.3,89
"Jim Spencer",5,101.4,103
"Bill Spiers",9,98.7,96
"Charlie Spikes",2,100,105
"Ed Sprague",8,102.3,88
"Mike Squires",3,98.4,83
"Scott Stahoviak",1,100.6,111
"Andy Stankiewicz",1,97.7,98
"Mike Stanley",6,101,126
"Leroy Stanton",3,100.1,122
"Dave Stapleton",3,99,89
"Willie Stargell",5,100.9,147
"Rusty Staub",9,97.5,117
"John Stearns",3,99,107
"Bill Stein",3,101.1,88
"Terry Steinbach",13,99.2,100
"Rennie Stennett",6,98.7,87
"Phil Stephenson",1,97.9,84
"Kurt Stillwell",6,100.7,86
"Bob Stinson",2,96.3,110
"Kevin Stocker",5,100,69
"Doug Strange",2,100.6,88
"Darryl Strawberry",10,101.7,142
"Franklin Stubbs",5,102.7,96
"Champ Summers",2,102.5,148
"Jim Sundberg",13,98,92
"Gary Sutherland",2,102.5,73
"Dale Sveum",3,98.3,87
"Steve Swisher",1,103.2,61
"Pat Tabler",7,95.1,106
"Danny Tartabull",9,99.3,136
"Eddie Taubensee",4,102.6,106
"Frank Taveras",7,98.3,75
"Garry Templeton",14,99.5,82
"Gene Tenace",7,101.1,142
"Jerry Terrell",1,98.2,88
"Mickey Tettleton",8,98.3,129
"Tim Teufel",3,99,99
"Andres Thomas",2,98.5,58
"Derrel Thomas",7,99.5,89
"Gary Thomasson",5,101.1,100
"Gorman Thomas",8,102.9,121
"Danny Thompson",1,97.3,81
"Jason Thompson",9,100.3,122
"Milt Thompson",7,97.8,101
"Robby Thompson",8,100,114
"Scot Thompson",2,101.3,94
"Dickie Thon",6,97,98
"Andre Thornton",10,99.5,127
"Lee Tinsley",1,99.9,44
"Bobby Tolan",2,100.6,81
"Wayne Tolleson",5,96.7,76
"Hector Torres",1,100.1,79
"Joe Torre",3,99.6,112
"Rusty Torres",1,104.2,96
"Cesar Tovar",2,97,99
"Jim Traber",1,104.8,63
"Alan Trammell",14,96.5,117
"Jeff Treadway",4,96.7,97
"Alex Trevino",2,98.2,65
"Manny Trillo",9,98.4,78
"Jerry Turner",4,103.5,105
"Mike Tyson",5,96.5,62
"Del Unser",4,100,98
"Willie Upshaw",7,99,107
"Jose Uribe",5,96,66
"Mike Vail",2,103.1,100
"Bobby Valentine",1,99.4,90
"Ellis Valentine",3,98.2,120
"Dave Valle",4,98.7,88
"Andy Van Slyke",10,100,123
"Otto Velez",2,103.1,124
"Quilvio Veras",4,99.2,103
"Tom Veryzer",5,95.6,60
"Ozzie Virgil",5,98.8,105
"George Vukovich",4,101.1,90
"Chico Walker",3,100.3,85
"Duane Walker",1,101.9,66
"Greg Walker",4,101.3,114
"Tim Wallach",14,100.8,102
"Denny Walling",4,99.6,115
"Joe Wallis",2,102.8,91
"Jerome Walton",2,92.1,96
"Gary Ward",8,100.9,106
"Turner Ward",2,102.1,85
"Claudell Washington",12,101.1,108
"Ron Washington",1,98.8,74
"U L Washington",3,100.6,91
"John Wathan",3,96,92
"Bob Watson",7,98.6,132
"Mitch Webster",5,99.9,107
"Walt Weiss",8,97.4,80
"Lou Whitaker",16,99.1,117
"Devon White",12,101.3,99
"Frank White",14,98.2,86
"Jerry White",1,102.5,78
"Mark Whiten",4,102.4,101
"Roy White",5,99.9,123
"Terry Whitfield",4,101.8,107
"Ernie Whitt",8,101.8,105
"Alan Wiggins",2,96,99
"Rob Wilfong",3,99.4,94
"Curtis Wilkerson",3,97.8,71
"Rick Wilkins",2,102.5,120
"Jerry Willard",1,94.5,96
"Billy Williams",3,100.2,114
"Earl Williams",3,100.3,94
"Kenny Williams",1,101.3,94
"Reggie Williams",1,100,94
"Bump Wills",6,100.1,95
"Glenn Wilson",8,98.7,92
"Mookie Wilson",8,100.3,97
"Willie Wilson",15,99,94
"Dave Winfield",19,100.1,130
"Herm Winningham",3,101.1,76
"John Wockenfuss",1,93.9,131
"Jim Wohlford",4,99.1,79
"Al Woods",3,99.3,103
"Gary Woods",1,102.9,96
"Craig Worthington",2,95.9,99
"George Wright",4,99.8,79
"Butch Wynegar",7,98.6,94
"Marvell Wynne",5,100.7,91
"Jimmy Wynn",3,101.6,136
"Carl Yastrzemski",9,99.6,118
"Steve Yeager",4,101.5,88
"Eric Yelding",1,97.9,72
"Gerald Young",2,98.4,90
"Joel Youngblood",6,100.4,108
"Mike Young",4,99.2,114
"Robin Yount",19,98.7,113
"Richie Zisk",8,98.6,126
"Bob Zupcic",2,98.1,81
